"raw_col_1","raw_col_2","raw_col_3","raw_col_4","raw_col_5","raw_col_6","raw_col_7","source_row_id","ingest_row_id"
"Column0","January 2026","Column2","Column3","Total","Column5","Column6",1,1
,"Order","Product Quantity","Total Price","Order","Product Quantity","Total Price",2,2
"Kea Wellness - Central","542","2395","89312.44","542","2395","89312.44",3,3
"[SKU1115] [Riverstone Bio]Joint Care Glucosamine 180s","2","3","74.54000000000001","2","3","74.54000000000001",4,4
"[SKU1330] [Piko Gifts]Fridge Magnet Set","2","2","11.55","2","2","11.55",5,5
"[SKU1225] [Lanolux]Facial Cleanser (150ml)","2","10","326.11","2","10","326.11",6,6
"[SKU1047] [Vireo Labs]Multivitamin Adult 120s","1","4","121.9","1","4","121.9",7,7
"[SKU1339] [Cocoa Bay]Milk Chocolate Block (180g)","1","10","113.1","1","10","113.1",8,8
"[SKU1271] [Southern Craft]Wool Cushion Cover (40cm)","2","2","11.28","2","2","11.28",9,9
"[SKU1290] [Kiwiana Co]Plush Kiwi Toy (25cm)","1","5","159.08","1","5","159.08",10,10
"[SKU1095] [Aroha Nutrition]Calcium + Vitamin D 60s","1","3","68.41","1","3","68.41",11,11
"[SKU1249] [Silverfern]Facial Cleanser (150ml)","1","4","40.03","1","4","40.03",12,12
"[SKU1097] [Aroha Nutrition]Probiotic Daily 30s","2","3","76.76000000000001","2","3","76.76000000000001",13,13
"[SKU1141] [Ambervale]Immune Support Milk Powder (900g){Express Freight}","2","6","260.52","2","6","260.52",14,14
"[SKU1192] [Manuka Ridge]Clover Honey (500g)","1","6","275.06","1","6","275.06",15,15
"[SKU1258] [Tui Botanicals]Lanolin Moisturising Cream (100ml)","1","12","234.38","1","12","234.38",16,16
"[SKU1074] [Puriri Health]Probiotic Daily 60s","2","12","346.97","2","12","346.97",17,17
"[SKU1205] [Hivewood]Manuka Honey UMF 10+ (250g)","1","4","399.8","1","4","399.8",18,18
"[SKU1298] [Kiwiana Co]Fridge Magnet Set","1","12","425.01","1","12","425.01",19,19
"[SKU1175] [Westbrook]Skim Milk Powder (800g){Standard Freight}","1","9","277.45","1","9","277.45",20,20
"[SKU1287] [Southern Craft]Sheepskin Slippers","2","10","99.64","2","10","99.64",21,21
"[SKU1193] [Golden Vale]Manuka Honey UMF 5+ (500g)","1","INVALID_VALUE","740.7","1","7","740.7",22,22
"[SKU1113] [Riverstone Bio]Liver Support Complex 90s","2","3","72.23","2","3","72.23",23,23
"[SKU1236] [Pounamu Skin]Lanolin Moisturising Cream (100ml)","2","9","310.21","2","9","310.21",24,24
"[SKU1218] [Lanolux]Night Repair Serum (50ml)","1","4","118.13","1","4","118.13",25,25
"[SKU1345] [Rata Confection]Dark Chocolate Block 85% (250g)","1","INVALID_VALUE","40.31","1","4","40.31",26,26
"[SKU1022] [Solwave]Magnesium Complex 60s","1","2","93.93000000000001","1","2","93.93000000000001",27,27
"[SKU1270] [Southern Craft]Wool Throw Blanket","1","7","312.74","1","7","312.74",28,28
"[SKU1183] [Manuka Ridge]Honey Gift Set (250g x4)","2","3","102.55","2","3","102.55",29,29
"[SKU1288] [Southern Craft]Wool Throw Blanket","1","1","50.08","1","1","50.08",30,30
"[SKU1067] [Baycrest]Omega 3 Fish Oil 1500mg","1","18","275.69","1","18","275.69",31,31
"[SKU1172] [Highmoor]Infant Formula Stage 1 (900g)","2","3","225.23","2","3","225.23",32,32
"[SKU1173] [Highmoor]Infant Formula Stage 2 (900g)","2","15","646.65","2","15","646.65",33,33
"[SKU1085] [Tasman Vitality]Liver Support Complex 60s","2","14","686.0700000000001","2","14","686.0700000000001",34,34
"[SKU1262] [Tui Botanicals]Propolis Toothpaste (100g)","1","6","42.48","1","6","42.48",35,35
"[SKU1038] [Northlight]Probiotic Daily 30s","1","2","37.37","1","2","37.37",36,36
"[SKU1036] [Northlight]Calcium + Vitamin D 120s","2","4","208.15","2","4","208.15",37,37
"[SKU1165] [Fernvale]Infant Formula Stage 2 (900g){Express Freight}","2","4","314.53","2","4","314.53",38,38
"[SKU1284] [Southern Craft]Plush Kiwi Toy (15cm)","1","18","389.35","1","18","389.35",39,39
"[SKU1169] [Highmoor]Skim Milk Powder (1000g){Standard Freight}","1","10","785.89","1","10","785.89",40,40
"[SKU1099] [Aroha Nutrition]Multivitamin Adult 120s","1","8","165.12","1","8","165.12",41,41
"[SKU1180] [Manuka Ridge]Manuka Honey UMF 10+ (500g)","1","13","975.8099999999999","1","13","975.8099999999999",42,42
"[SKU1222] [Lanolux]Sheep Placenta Cream (100ml)","2","4","112.79","2","4","112.79",43,43
"[SKU1200] [Golden Vale]Manuka Honey UMF 15+ (250g)","2","6","422.17","2","6","422.17",44,44
"[SKU1134] [Clearfield]Infant Formula Stage 1 (900g)","1","12","863.8200000000001","1","12","863.8200000000001",45,45
"[SKU1239] [Pounamu Skin]Hand Cream (50ml)","1","5","126.67","1","5","126.67",46,46
"[SKU1024] [Northlight]CoQ10 150mg","1","6","193.17","1","6","193.17",47,47
"[SKU1152] [Two Rivers]Skim Milk Powder (1000g){Express Freight}","1","7","345.17","1","7","345.17",48,48
"[SKU1306] [Kiwiana Co]Wool Throw Blanket","1","8","121.3","1","8","121.3",49,49
"[SKU1096] [Aroha Nutrition]Liver Support Complex 30s","1","11","362.45","1","11","362.45",50,50
"[SKU1226] [Lanolux]Hand Cream (50ml)",,"3","27.88","2","3","27.88",51,51
"[SKU1107] [Kowhai Care]Joint Care Glucosamine 90s","1","6","227.28","1","6","227.28",52,52
"[SKU1244] [Silverfern]Hand Cream (75ml)","1","9","87.76000000000001","1","9","87.76000000000001",53,53
"[DIS15] $5 off your order","4","0","-446.44","4","0","-446.44",54,54
"[SKU1304] [Kiwiana Co]Fridge Magnet Set","2","7","178.72","2","7","178.72",55,55
"[SKU1007] [Solwave]Multivitamin Adult 60s","2","12","231.68","2","12","231.68",56,56
"[SKU1013] [SOLWAVE]CoQ10 100mg","2","4","143.19","2","4","143.19",57,57
"[SKU1279] [Southern Craft]Souvenir Keyring","1","8","301.37","1","8","301.37",58,58
"[SKU1229] [Lanolux]Lanolin Moisturising Cream (100ml)","1","13","372.9","1","13","372.9",59,59
"[SKU1037] [Northlight]Liver Support Complex 30s","1","4","160.3","1","4","160.3",60,60
"[SKU1090] [Tasman Vitality]Eye Health Lutein 30s","1","1","47.07","1","1","47.07",61,61
"[SKU1014] [Solwave]Calcium + Vitamin D 120s","2","3","127.84","2","3","127.84",62,62
"[SKU1159] [Two Rivers]Skim Milk Powder (1000g){15-Day Express}","2","4","351.04","2","4","351.04",63,63
"[SKU1065] [Baycrest]Propolis Extract 60s","2","11","349.56","2","11","349.56",64,64
"[EWALLET001] [TOPUP]E-Wallet Payment","5","0","-23.11","5","0","-23.11",65,65
"[SKU1308] [Harbour Wool]Plush Kiwi Toy (25cm)","2","10","235.79","2","10","235.79",66,66
"[SKU1351] [Rata Confection]Dark Chocolate Block 85% (180g)","2","16","198.22","2","16","198.22",67,67
"[SKU1160] [Fernvale]Whole Milk Powder (1000g){Express Freight}","2","6","227.66","2","6","227.66",68,68
"[SKU1259] [Tui Botanicals]Night Repair Serum (50ml)","1","1","26.65","1","1","26.65",69,69
"[SKU1026] [Northlight]Liver Support Complex 90s","2","7","253.14","2","7","253.14",70,70
"[SKU1314] [Harbour Wool]Plush Kiwi Toy (25cm)","2","3","121.91","2","3","121.91",71,71
"[SKU1245] [Silverfern]Propolis Toothpaste (100g)","1","8","212.81","1","8","212.81",72,72
"[SKU1081] [Puriri Health]Omega 3 Fish Oil 1000mg","2","5","155.84","2","5","155.84",73,73
"[SKU1325] [Piko Gifts]Sheepskin Slippers","1","5","205.18","1","5","205.18",74,74
"[SKU1347] [Rata Confection]Chocolate Gift Pouch (125g)","1","13","92.45","1","13","92.45",75,75
"[SKU1276] [Southern Craft]Wool Throw Blanket",,"15","349.14","1","15","349.14",76,76
"[SKU1032] [Northlight]Propolis Extract 120s","2","5","113.99","2","5","113.99",77,77
"[SKU1302] [Kiwiana Co]Plush Kiwi Toy (25cm)","1","6","272.06","1","6","272.06",78,78
"[SKU1216] [Beechline]Honey Gift Set (250g x4)","2","9","347.57","2","9","347.57",79,79
"[SKU1265] [Southern Craft]Wool Cushion Cover (40cm)","2","8","115","2","8","115",80,80
"[SKU1255] [Cove & Clay]Sheep Placenta Cream (100ml)","1","12","417.45","1","12","417.45",81,81
"[SKU1133] [Clearfield]Digestion Support Milk Powder (800g)","1","3","316.79","1","3","316.79",82,82
"[SKU1147] [Ambervale]Skim Milk Powder (800g){Standard Freight}","2","6","581.54","2","6","581.54",83,83
"[SKU1321] [Piko Gifts]Wool Cushion Cover (45cm)","1","3","113.8","1","3","113.8",84,84
"[SKU1316] [Harbour Wool]Fridge Magnet Set","2","4","38.87","2","4","38.87",85,85
"[SKU1127] [Clearfield]Infant Formula Stage 1 (900g){Express Freight}","1","4","308.48","1","4","308.48",86,86
"[SKU1045] [Vireo Labs]Probiotic Daily 60s","1","10","275.49","1","10","275.49",87,87
"[SKU1089] [Tasman Vitality]Lecithin 1200mg","2","10","432.92","2","10","432.92",88,88
"[SKU1285] [Southern Craft]Souvenir Keyring","1","2","30.65","1","2","30.65",89,89
"[SKU1142] [Ambervale]Digestion Support Milk Powder (800g)","2","9","671.79","2","9","671.79",90,90
"[SKU1170] [Highmoor]Immune Support Milk Powder (900g)","2","INVALID_VALUE","159.1","2","6","159.1",91,91
"[SKU1015] [Solwave]Liver Support Complex 30s","1","3","107.72","1","3","107.72",92,92
"[SKU1018] [Solwave]Multivitamin Adult 120s","1","5","212.28","1","5","212.28",93,93
"[SKU1060] [Baycrest]Probiotic Daily 60s","1","7","353.76","1","7","353.76",94,94
"[SKU1084] [Tasman Vitality]Calcium + Vitamin D 120s","1","5","127.48","1","5","127.48",95,95
"[SKU1334] [Cocoa Bay]Chocolate Gift Pouch (125g)","2","5","37.28","2","5","37.28",96,96
"[SKU1310] [Harbour Wool]Fridge Magnet Set","2","2","18.62","2","2","18.62",97,97
"[SKU1350] [Rata Confection]Chocolate Gift Pouch (180g)","1","7","64.48","1","7","64.48",98,98
"[SKU1233] [Pounamu Skin]Hand Cream (75ml)","2","3","95.56","2","3","95.56",99,99
"[SKU1069] [Baycrest]Calcium + Vitamin D 120s","1","2","90.47","1","2","90.47",100,100
"[SKU1139] [Ambervale]Whole Milk Powder (800g)","2","2","162.75","2","2","162.75",101,101
"[SKU1186] [Manuka Ridge]Manuka Honey UMF 15+ (250g)","1","6","232.85","1","6","232.85",102,102
"[SKU1260] [Tui Botanicals]Facial Cleanser (150ml)","1","2","31.59","1","2","31.59",103,103
"[SKU1140] [Ambervale]Skim Milk Powder (1000g){15-Day Express}","1","9","776.97","1","9","776.97",104,104
"[SKU1126] [Clearfield]Digestion Support Milk Powder (800g){Express Freight}","2","8","191.06","2","8","191.06",105,105
"[SKU1335] [Cocoa Bay]Dark Chocolate Block 70% (180g)","2","4","20.66","2","4","20.66",106,106
"[SKU1079] [Puriri Health]Propolis Extract 60s","1","4","117.55","1","4","117.55",107,107
"[SKU1143] [Ambervale]Infant Formula Stage 1 (900g){Standard Freight}","2","13","601.16","2","13","601.16",108,108
"[SKU1357] [Fernvale]Kids Vitamin C Chewable 60s","2","5","238.11","2","5","238.11",109,109
"[DIS19] Free gift - fish oil","3","2","-247.68","3","2","-247.68",110,110
"[SKU1294] [KIWIANA CO]Wool Throw Blanket","1","7","183.48","1","7","183.48",111,111
"[SKU1087] [Tasman Vitality]Joint Care Glucosamine 90s","2","INVALID_VALUE","292.08","2","8","292.08",112,112
"[SKU1083] [Tasman Vitality]CoQ10 150mg","1","6","271.26","1","6","271.26",113,113
"[SKU1130] [Clearfield]Whole Milk Powder (800g)","1","6","583.1","1","6","583.1",114,114
"[SKU1286] [Southern Craft]Fridge Magnet Set","1","14","428.7","1","14","428.7",115,115
"[SKU1328] [Piko Gifts]Plush Kiwi Toy (15cm)","1","6","130.24","1","6","130.24",116,116
"[SKU1098] [Aroha Nutrition]Joint Care Glucosamine 90s","2","9","479.76","2","9","479.76",117,117
"[SKU1061] [Baycrest]Joint Care Glucosamine 90s","1","12","589.26","1","12","589.26",118,118
"[SKU1031] [Northlight]Eye Health Lutein 30s","1","2","63.61","1","2","63.61",119,119
"[SKU1058] [Baycrest]Calcium + Vitamin D 200s","2","5","90.42","2","5","90.42",120,120
"[SKU1027] [Northlight]Probiotic Daily 60s","2","5","107.64","2","5","107.64",121,121
"[SKU1264] [Tui Botanicals]Lanolin Moisturising Cream (100ml)","2","9","224.57","2","9","224.57",122,122
"[SKU1166] [Fernvale]Goat Milk Powder (800g){Express Freight}","1","11","1191.33","1","11","1191.33",123,123
"[SKU1331] [Piko Gifts]Sheepskin Slippers",,"5","189.07","2","5","189.07",124,124
"[SKU1208] [Hivewood]Honey Gift Set (250g x4)","1","9","561.09","1","9","561.09",125,125
"[SKU1344] [Cocoa Bay]Dark Chocolate Block 70% (180g)","2","6","57.67","2","6","57.67",126,126
"[SKU1275] [Southern Craft]Sheepskin Slippers","1","14","93.83","1","14","93.83",127,127
"[SKU1329] [Piko Gifts]Souvenir Keyring","1","1","8.869999999999999","1","1","8.869999999999999",128,128
"[SKU1164] [Fernvale]Infant Formula Stage 1 (900g){Express Freight}","1","2","47.5","1","2","47.5",129,129
"[SKU1150] [Ambervale]Infant Formula Stage 1 (900g)",,"3","293.72","2","3","293.72",130,130
"[SKU1197] [Golden Vale]Honey Gift Set (250g x4)","1","2","170.93","1","2","170.93",131,131
"[SKU1011] [SOLWAVE]Magnesium Complex 90s","2","2","50.59","2","2","50.59",132,132
"[SKU1247] [Silverfern]Lanolin Moisturising Cream (100ml)","1","18","390.2","1","18","390.2",133,133
"[SKU1230] [Pounamu Skin]Lanolin Moisturising Cream (100ml)","1","16","352.86","1","16","352.86",134,134
"[SKU1348] [Rata Confection]Dark Chocolate Block 85% (250g)","2","6","65.58","2","6","65.58",135,135
"[SKU1281] [Southern Craft]Sheepskin Slippers","1","6","127.38","1","6","127.38",136,136
"[SKU1317] [Harbour Wool]Sheepskin Slippers","2","3","66.11","2","3","66.11",137,137
"[SKU1050] [Vireo Labs]Propolis Extract 120s","2","2","71.73","2","2","71.73",138,138
"[SKU1042] [Vireo Labs]CoQ10 150mg","1","3","123.27","1","3","123.27",139,139
"[SKU1168] [Highmoor]Whole Milk Powder (1000g)","2","8","802.8099999999999","2","8","802.8099999999999",140,140
"[SKU1292] [Kiwiana Co]Fridge Magnet Set","1","4","120.17","1","4","120.17",141,141
"[SKU1136] [Clearfield]Goat Milk Powder (800g){Standard Freight}","2","18","1333.56","2","18","1333.56",142,142
"[SKU1179] [Manuka Ridge]Manuka Honey UMF 5+ (500g)","2","1","108.19","2","1","108.19",143,143
"[SKU1053] [Vireo Labs]CoQ10 150mg","2","5","132.46","2","5","132.46",144,144
"[SKU1194] [Golden Vale]Manuka Honey UMF 10+ (500g)","2","12","717.26","2","12","717.26",145,145
"[SKU1080] [Puriri Health]Magnesium Complex 90s","2","3","102.6","2","3","102.6",146,146
"[SKU1104] [Kowhai Care]Calcium + Vitamin D 200s","2","5","143.21","2","5","143.21",147,147
"[SKU1035] [Northlight]CoQ10 100mg",,"6","98.59999999999999","1","6","98.59999999999999",148,148
"[SKU1106] [Kowhai Care]Probiotic Daily 30s","1","4","78.8","1","4","78.8",149,149
"[SKU1093] [Aroha Nutrition]Omega 3 Fish Oil 500mg","2","16","442.3","2","16","442.3",150,150
"[SKU1299] [Kiwiana Co]Sheepskin Slippers","2","9","151.47","2","9","151.47",151,151
"[SKU1206] [Hivewood]Manuka Honey UMF 15+ (250g)","2","5","160.39","2","5","160.39",152,152
"[SKU1212] [Beechline]Manuka Honey UMF 5+ (500g)","1","9","782.79","1","9","782.79",153,153
"[SKU1213] [Beechline]Manuka Honey UMF 10+ (500g)","2","8","878.3200000000001","2","8","878.3200000000001",154,154
"[SKU1137] [Clearfield]Whole Milk Powder (800g){Standard Freight}",,"6","368.34","1","6","368.34",155,155
"[SKU1282] [Southern Craft]Wool Throw Blanket","2","2","21.9","2","2","21.9",156,156
"[SKU1123] [Clearfield]Whole Milk Powder (1000g){Express Freight}","1","4","166.61","1","4","166.61",157,157
"[SKU1016] [SOLWAVE]Probiotic Daily 30s","2","3","145.34","2","3","145.34",158,158
"[SKU1221] [Lanolux]Propolis Toothpaste (100g)","2","17","146.62","2","17","146.62",159,159
"[SKU1201] [Golden Vale]Clover Honey (500g)","1","10","577.0700000000001","1","10","577.0700000000001",160,160
"[SKU1008] [SOLWAVE]Lecithin 1200mg","1","3","106.48","1","3","106.48",161,161
"[SKU1135] [Clearfield]Infant Formula Stage 2 (900g){Standard Freight}","1","5","157.44","1","5","157.44",162,162
"[SKU1346] [Rata Confection]Milk Chocolate Block (250g)","1","9","151.42","1","9","151.42",163,163
"[SKU1153] [Two Rivers]Immune Support Milk Powder (900g)","2","2","195.45","2","2","195.45",164,164
"[SKU1021] [Solwave]Propolis Extract 120s","2","16","609.99","2","16","609.99",165,165
"[SKU1062] [Baycrest]Multivitamin Adult 120s","2","5","192.47","2","5","192.47",166,166
"[SKU1122] [Halcyon]Joint Care Glucosamine 180s","2","INVALID_VALUE","577.78","2","19","577.78",167,167
"[SKU1227] [Lanolux]Propolis Toothpaste (100g)","2","8","65.77","2","8","65.77",168,168
"[SKU1289] [KIWIANA CO]Wool Cushion Cover (45cm)","1","6","223.61","1","6","223.61",169,169
"[SKU1240] [Pounamu Skin]Propolis Toothpaste (100g)","1","4","107.02","1","4","107.02",170,170
"[SKU1066] [Baycrest]Magnesium Complex 90s","2","3","122.68","2","3","122.68",171,171
"[SKU1184] [Manuka Ridge]Manuka Honey UMF 5+ (500g)","1","8","445.25","1","8","445.25",172,172
"[SKU1343] [Cocoa Bay]Chocolate Gift Pouch (125g)","1","14","196.25","1","14","196.25",173,173
"[SKU1253] [Cove & Clay]Hand Cream (50ml)","2","1","24.63","2","1","24.63",174,174
"[SKU1110] [Riverstone Bio]Omega 3 Fish Oil 1000mg","2","8","334","2","8","334",175,175
"[SKU1228] [Lanolux]Sheep Placenta Cream (100ml)","1","10","92.68000000000001","1","10","92.68000000000001",176,176
"[SKU1005] [SOLWAVE]Probiotic Daily 30s","2","4","175.2","2","4","175.2",177,177
"[SKU1336] [Cocoa Bay]Milk Chocolate Block (250g)","2","4","29.43","2","4","29.43",178,178
"[SKU1073] [Puriri Health]Liver Support Complex 60s","1","3","108.8","1","3","108.8",179,179
"[FREEGIFT] In-store gift","5","7","-33.11","5","7","-33.11",180,180
"[SKU1266] [Southern Craft]Plush Kiwi Toy (15cm)","2","4","173.29","2","4","173.29",181,181
"[SKU1305] [KIWIANA CO]Sheepskin Slippers","2","2","11.86","2","2","11.86",182,182
"[SKU1291] [Kiwiana Co]Souvenir Keyring","1","15","408.93","1","15","408.93",183,183
"[SKU1272] [Southern Craft]Plush Kiwi Toy (15cm)","1","10","79.31","1","10","79.31",184,184
"[SKU1352] [Rata Confection]Milk Chocolate Block (180g)","2","12","209.62","2","12","209.62",185,185
"[SKU1223] [Lanolux]Lanolin Moisturising Cream (100ml)","2","10","262.11","2","10","262.11",186,186
"[SKU1349] [Rata Confection]Milk Chocolate Block (250g)","1","15","76.5","1","15","76.5",187,187
"[SKU1297] [Kiwiana Co]Souvenir Keyring","2","10","355.44","2","10","355.44",188,188
"[SKU1138] [Clearfield]Skim Milk Powder (1000g)","1","5","343.95","1","5","343.95",189,189
"[SKU1120] [Halcyon]Liver Support Complex 90s","2","5","83.72","2","5","83.72",190,190
"[SKU1102] [Kowhai Care]Omega 3 Fish Oil 1500mg","2","7","147.05","2","7","147.05",191,191
"[SKU1211] [Hivewood]Manuka Honey UMF 15+ (250g)","2","9","370.27","2","9","370.27",192,192
"[SKU1322] [Piko Gifts]Plush Kiwi Toy (15cm)","2","7","301.48","2","7","301.48",193,193
"[SKU1293] [KIWIANA CO]Sheepskin Slippers","1","1","19.11","1","1","19.11",194,194
"[SKU1108] [Kowhai Care]Multivitamin Adult 60s","1","6","168.09","1","6","168.09",195,195
"[SKU1163] [Fernvale]Digestion Support Milk Powder (800g)","1","4","280.48","1","4","280.48",196,196
"[SKU1191] [Manuka Ridge]Manuka Honey UMF 15+ (250g)","1","11","956.11","1","11","956.11",197,197
"[SKU1340] [Cocoa Bay]Chocolate Gift Pouch (125g)","2","8","66.43000000000001","2","8","66.43000000000001",198,198
"[SKU1209] [Hivewood]Manuka Honey UMF 5+ (250g)","1","6","170.15","1","6","170.15",199,199
"[SKU1119] [Halcyon]Calcium + Vitamin D 60s","2","5","272.18","2","5","272.18",200,200
"[SKU1341] [Cocoa Bay]Dark Chocolate Block 70% (250g)","1","5","41.73","1","5","41.73",201,201
"[SKU1044] [Vireo Labs]Liver Support Complex 30s","1","6","143.53","1","6","143.53",202,202
"[SKU1280] [Southern Craft]Fridge Magnet Set","2","10","185.64","2","10","185.64",203,203
"[SKU1121] [Halcyon]Probiotic Daily 30s","2","5","264.16","2","5","264.16",204,204
"[SKU1068] [Baycrest]CoQ10 150mg","2","2","108.07","2","2","108.07",205,205
"[SKU1237] [Pounamu Skin]Night Repair Serum (50ml)","1","4","82.51000000000001","1","4","82.51000000000001",206,206
"[SKU1162] [Fernvale]Immune Support Milk Powder (900g)","2","7","269.36","2","7","269.36",207,207
"[SKU1254] [Cove & Clay]Propolis Toothpaste (100g)","1","4","72.63","1","4","72.63",208,208
"[SKU1342] [Cocoa Bay]Milk Chocolate Block (250g)","1","6","30.21","1","6","30.21",209,209
"[SKU1155] [Two Rivers]Infant Formula Stage 1 (900g){Express Freight}","1","10","295.4","1","10","295.4",210,210
"[SKU1241] [Silverfern]Lanolin Moisturising Cream (150ml)","2","16","182.75","2","16","182.75",211,211
"[SKU1029] [Northlight]Multivitamin Adult 60s","1","7","189.27","1","7","189.27",212,212
"[SKU1012] [Solwave]Omega 3 Fish Oil 1000mg","2","15","722.04","2","15","722.04",213,213
"[SKU1309] [Harbour Wool]Souvenir Keyring","1","4","29.11","1","4","29.11",214,214
"[SKU1043] [Vireo Labs]Calcium + Vitamin D 60s","2","6","241.97","2","6","241.97",215,215
"[SKU1358] [Fernvale]Kids Vitamin C Chewable 90s","1","13","330.38","1","13","330.38",216,216
"[SKU1030] [Northlight]Lecithin 1200mg","2","2","38.14","2","2","38.14",217,217
"[SKU1250] [Cove & Clay]Lanolin Moisturising Cream (150ml)","1","3","89.45","1","3","89.45",218,218
"[SKU1002] [SOLWAVE]CoQ10 100mg","2","9","316.41","2","9","316.41",219,219
"[SKU1219] [Lanolux]Facial Cleanser (150ml)","1","1","49.06","1","1","49.06",220,220
"[SKU1188] [Manuka Ridge]Honey Gift Set (250g x4)","1","3","214.45","1","3","214.45",221,221
"[SKU1210] [Hivewood]Manuka Honey UMF 10+ (250g)","1","4","275.16","1","4","275.16",222,222
"[SKU1088] [Tasman Vitality]Multivitamin Adult 120s","2","5","126.63","2","5","126.63",223,223
"[SKU1189] [Manuka Ridge]Manuka Honey UMF 5+ (250g)","2","6","520.4400000000001","2","6","520.4400000000001",224,224
"[SKU1075] [Puriri Health]Joint Care Glucosamine 90s","1","5","228.32","1","5","228.32",225,225
"[SKU1076] [Puriri Health]Multivitamin Adult 120s","1","4","159.48","1","4","159.48",226,226
"[SKU1195] [Golden Vale]Manuka Honey UMF 15+ (250g)","2","2","92.61","2","2","92.61",227,227
"[SKU1094] [Aroha Nutrition]CoQ10 150mg","1","3","123.36","1","3","123.36",228,228
"[SKU1028] [Northlight]Joint Care Glucosamine 180s","1","5","190.3","1","5","190.3",229,229
"[SKU1149] [Ambervale]Digestion Support Milk Powder (800g){15-Day Express}",,"12","926.0599999999999","1","12","926.0599999999999",230,230
"[SKU1025] [Northlight]Calcium + Vitamin D 120s","1","2","56","1","2","56",231,231
"[SKU1157] [Two Rivers]Goat Milk Powder (800g){15-Day Express}","2","14","1500.75","2","14","1500.75",232,232
"[SKU1144] [Ambervale]Infant Formula Stage 2 (900g)","2","3","124.89","2","3","124.89",233,233
"[SKU1091] [Tasman Vitality]Propolis Extract 60s","1","10","523.84","1","10","523.84",234,234
"[SKU1006] [Solwave]Joint Care Glucosamine 180s","2","6","247.8","2","6","247.8",235,235
"[SKU1274] [Southern Craft]Fridge Magnet Set","1","11","112.02","1","11","112.02",236,236
"[SKU1295] [Kiwiana Co]Wool Cushion Cover (40cm)","1","10","451.36","1","10","451.36",237,237
"[SKU1158] [Two Rivers]Whole Milk Powder (1000g)","1","6","414.07","1","6","414.07",238,238
"[SKU1318] [Harbour Wool]Wool Throw Blanket","2","7","205.07","2","7","205.07",239,239
"[SKU1071] [Puriri Health]CoQ10 150mg","2","6","142.01","2","6","142.01",240,240
"[SKU1198] [Golden Vale]Manuka Honey UMF 5+ (250g)","2","9","812.78","2","9","812.78",241,241
"[SKU1148] [Ambervale]Immune Support Milk Powder (900g){15-Day Express}","2","2","168.84","2","2","168.84",242,242
"[SKU1303] [Kiwiana Co]Souvenir Keyring","2","4","102.8","2","4","102.8",243,243
"[SKU1202] [Golden Vale]Honey Gift Set (250g x4)","2","2","76.84999999999999","2","2","76.84999999999999",244,244
"[SKU1248] [Silverfern]Night Repair Serum (30ml)","1","4","133.42","1","4","133.42",245,245
"[SKU1059] [Baycrest]Liver Support Complex 30s","1","4","146.54","1","4","146.54",246,246
"[SKU1146] [Ambervale]Whole Milk Powder (800g){Express Freight}","1","6","351.84","1","6","351.84",247,247
"[SKU1116] [Riverstone Bio]Multivitamin Adult 120s","1","6","137.76","1","6","137.76",248,248
"[SKU1052] [Vireo Labs]Omega 3 Fish Oil 1500mg","2","15","549.4400000000001","2","15","549.4400000000001",249,249
"[SKU1124] [Clearfield]Skim Milk Powder (800g)","1","13","830.36","1","13","830.36",250,250
"[SKU1114] [Riverstone Bio]Probiotic Daily 30s","1","5","124.47","1","5","124.47",251,251
"[SKU1128] [Clearfield]Infant Formula Stage 2 (900g)","1","12","544.89","1","12","544.89",252,252
"[SKU1054] [Vireo Labs]Calcium + Vitamin D 60s","1","8","169.33","1","8","169.33",253,253
"[SKU1100] [Aroha Nutrition]Lecithin 1200mg","2","10","171.17","2","10","171.17",254,254
"[SKU1333] [Cocoa Bay]Milk Chocolate Block (250g)","1","5","23.14","1","5","23.14",255,255
"[SKU1203] [Golden Vale]Manuka Honey UMF 5+ (250g)","2","4","234.25","2","4","234.25",256,256
"[SKU1132] [Clearfield]Immune Support Milk Powder (900g)","1","11","533.7","1","11","533.7",257,257
"[SKU1235] [Pounamu Skin]Sheep Placenta Cream (100ml)","2","3","115.84","2","3","115.84",258,258
"[SKU1324] [Piko Gifts]Fridge Magnet Set","1","7","237.52","1","7","237.52",259,259
"[SKU1049] [Vireo Labs]Eye Health Lutein 30s","1","11","265.51","1","11","265.51",260,260
"[IFFSHIP07] [Freight]Overseas $8","1","7","1534","1","7","1534",261,261
"[SKU1220] [Lanolux]Hand Cream (75ml)","1","3","122.09","1","3","122.09",262,262
"[SKU1312] [Harbour Wool]Wool Throw Blanket","1","11","488.99","1","11","488.99",263,263
"[SKU1238] [Pounamu Skin]Facial Cleanser (100ml)","2","7","180.09","2","7","180.09",264,264
"[SKU1034] [Northlight]Omega 3 Fish Oil 1500mg","2","2","45.78","2","2","45.78",265,265
"[SKU1353] [Rata Confection]Chocolate Gift Pouch (180g)","2","6","64.73","2","6","64.73",266,266
"[SKU1103] [Kowhai Care]CoQ10 150mg","2","5","267.53","2","5","267.53",267,267
"[SKU1187] [Manuka Ridge]Clover Honey (500g)","1","6","462.49","1","6","462.49",268,268
"[SKU1181] [Manuka Ridge]Manuka Honey UMF 15+ (250g)","1","3","304.51","1","3","304.51",269,269
"[SKU1300] [Kiwiana Co]Wool Throw Blanket","1","4","97.44","1","4","97.44",270,270
"[SKU1004] [Solwave]Liver Support Complex 90s","1","6","254.88","1","6","254.88",271,271
"[SKU1243] [Silverfern]Facial Cleanser (100ml)","2","9","281.36","2","9","281.36",272,272
"[SKU1313] [Harbour Wool]Wool Cushion Cover (45cm)","1","10","384.08","1","10","384.08",273,273
"[SKU1019] [Solwave]Lecithin 1500mg","1","5","245.63","1","5","245.63",274,274
"[SKU1174] [Westbrook]Whole Milk Powder (1000g){Express Freight}","1","1","36.39","1","1","36.39",275,275
"[SKU1039] [Northlight]Joint Care Glucosamine 180s","2","8","289.34","2","8","289.34",276,276
"[SKU1117] [Halcyon]Omega 3 Fish Oil 500mg","1","4","81.20999999999999","1","4","81.20999999999999",277,277
"[SKU1196] [Golden Vale]Clover Honey (500g)","1","5","125.07","1","5","125.07",278,278
"[SKU1041] [Vireo Labs]Omega 3 Fish Oil 500mg","1","11","561.42","1","11","561.42",279,279
"[SKU1332] [Cocoa Bay]Dark Chocolate Block 85% (250g)","1","4","43.21","1","4","43.21",280,280
"[SKU1051] [Vireo Labs]Magnesium Complex 60s","2","15","519.03","2","15","519.03",281,281
"[SKU1161] [Fernvale]Skim Milk Powder (800g){Express Freight}","1","4","170.24","1","4","170.24",282,282
"[SKU1129] [Clearfield]Goat Milk Powder (450g)","2","1","58.05","2","1","58.05",283,283
"[SKU1078] [Puriri Health]Eye Health Lutein 60s","2","2","75.34","2","2","75.34",284,284
"[IFFSHIP02] [Freight]Extra Charge $1","2","6","28.74","2","6","28.74",285,285
"[SKU1086] [Tasman Vitality]Probiotic Daily 30s","1","1","26.06","1","1","26.06",286,286
"[SKU1105] [Kowhai Care]Liver Support Complex 30s","1","4","175.23","1","4","175.23",287,287
"[SKU1101] [Aroha Nutrition]Eye Health Lutein 30s","1","5","135.81","1","5","135.81",288,288
"[SKU1217] [Lanolux]Lanolin Moisturising Cream (150ml)","1","11","176.95","1","11","176.95",289,289
"[SKU1320] [Harbour Wool]Plush Kiwi Toy (15cm)","2","5","191.03","2","5","191.03",290,290
"[SKU1063] [Baycrest]Lecithin 1200mg","2","6","288.04","2","6","288.04",291,291
"[SKU1178] [Westbrook]Infant Formula Stage 1 (900g)","1","8","336.47","1","8","336.47",292,292
"[SKU1109] [Kowhai Care]Lecithin 1500mg","2","5","234","2","5","234",293,293
"[SKU1269] [Southern Craft]Sheepskin Slippers","1","5","161.92","1","5","161.92",294,294
"[SKU1242] [Silverfern]Night Repair Serum (50ml)","2","6","159.32","2","6","159.32",295,295
"[SKU1017] [Solwave]Joint Care Glucosamine 90s","1","8","252.84","1","8","252.84",296,296
"[SKU1307] [Harbour Wool]Wool Cushion Cover (40cm)","1","9","385.91","1","9","385.91",297,297
"[SKU1023] [Northlight]Omega 3 Fish Oil 500mg","2","4","113.81","2","4","113.81",298,298
"[SKU1118] [Halcyon]CoQ10 100mg","2","INVALID_VALUE","45.01","2","2","45.01",299,299
"[SKU1003] [Solwave]Calcium + Vitamin D 120s","1","14","560.4","1","14","560.4",300,300
"[SKU1040] [Northlight]Multivitamin Adult 60s","1","4","119.91","1","4","119.91",301,301
"[SKU1020] [Solwave]Eye Health Lutein 60s","2","4","196.2","2","4","196.2",302,302
"[SKU1151] [Two Rivers]Whole Milk Powder (800g)","2","16","562.76","2","16","562.76",303,303
"[SKU1246] [Silverfern]Sheep Placenta Cream (100ml)","2","3","26.1","2","3","26.1",304,304
"[SKU1277] [Southern Craft]Wool Cushion Cover (40cm)",,"9","390.66","2","9","390.66",305,305
"[SKU1267] [Southern Craft]Souvenir Keyring","1","11","217.53","1","11","217.53",306,306
"[SKU1319] [Harbour Wool]Wool Cushion Cover (45cm)","2","4","132.29","2","4","132.29",307,307
"[SKU1263] [Tui Botanicals]Sheep Placenta Cream (100ml)","2","3","88.31999999999999","2","3","88.31999999999999",308,308
"[SKU1251] [Cove & Clay]Night Repair Serum (30ml)","2","6","79.14","2","6","79.14",309,309
"[SKU1315] [Harbour Wool]Souvenir Keyring","1","1","35.09","1","1","35.09",310,310
"[SKU1167] [Fernvale]Whole Milk Powder (1000g)","1","8","318.25","1","8","318.25",311,311
"[SKU1070] [Puriri Health]Omega 3 Fish Oil 1500mg","1","2","45.69","1","2","45.69",312,312
"[SKU1057] [Baycrest]CoQ10 200mg","1","2","32.85","1","2","32.85",313,313
"[SKU1327] [Piko Gifts]Wool Cushion Cover (45cm)","1","4","161.9","1","4","161.9",314,314
"[SKU1154] [Two Rivers]Digestion Support Milk Powder (800g)","2","5","471.74","2","5","471.74",315,315
"[SKU1177] [Westbrook]Digestion Support Milk Powder (800g){15-Day Express}","1","1","102.04","1","1","102.04",316,316
"[SKU1156] [Two Rivers]Infant Formula Stage 2 (900g)","1","5","265.83","1","5","265.83",317,317
"[SKU1131] [Clearfield]Skim Milk Powder (1000g)","2","7","525.09","2","7","525.09",318,318
"[SKU1055] [Vireo Labs]Liver Support Complex 60s","2","12","421.04","2","12","421.04",319,319
"[SKU1257] [Cove & Clay]Night Repair Serum (50ml)","1","2","16.08","1","2","16.08",320,320
"[SKU1326] [Piko Gifts]Wool Throw Blanket","2","3","94.43000000000001","2","3","94.43000000000001",321,321
"[SKU1214] [Beechline]Manuka Honey UMF 15+ (250g)","2","16","679.59","2","16","679.59",322,322
"[SKU1207] [Hivewood]Clover Honey (1000g)",,"4","313.63","2","4","313.63",323,323
"[SKU1268] [Southern Craft]Fridge Magnet Set","2","7","163.51","2","7","163.51",324,324
"[SKU1204] [Hivewood]Manuka Honey UMF 5+ (500g)","2","14","961.02","2","14","961.02",325,325
"[SKU1273] [Southern Craft]Souvenir Keyring","2","12","458.11","2","12","458.11",326,326
"[SKU1048] [Vireo Labs]Lecithin 1200mg","2","12","606.16","2","12","606.16",327,327
"[SKU1337] [Cocoa Bay]Chocolate Gift Pouch (180g)","2","8","94.91","2","8","94.91",328,328
"[SKU1092] [Tasman Vitality]Magnesium Complex 60s","1","INVALID_VALUE","111.08","1","3","111.08",329,329
"[SKU1199] [Golden Vale]Manuka Honey UMF 10+ (250g)","1","3","254.1","1","3","254.1",330,330
"[SKU1001] [Solwave]Omega 3 Fish Oil 500mg","2","5","265.44","2","5","265.44",331,331
"[SKU1046] [Vireo Labs]Joint Care Glucosamine 180s","1","11","276.51","1","11","276.51",332,332
"[SKU1296] [KIWIANA CO]Plush Kiwi Toy (15cm)","1","6","50.67","1","6","50.67",333,333
"[SKU1112] [Riverstone Bio]Calcium + Vitamin D 120s","1","7","183.67","1","7","183.67",334,334
"[SKU1145] [Ambervale]Goat Milk Powder (450g)","1","3","122.96","1","3","122.96",335,335
"[SKU1171] [Highmoor]Digestion Support Milk Powder (800g){15-Day Express}","1","5","454.54","1","5","454.54",336,336
"[SKU1261] [Tui Botanicals]Hand Cream (50ml)","1","5","132.79","1","5","132.79",337,337
"[SKU1301] [Kiwiana Co]Wool Cushion Cover (45cm)","2","4","50.63","2","4","50.63",338,338
"[SKU1185] [Manuka Ridge]Manuka Honey UMF 10+ (500g)","2","2","91.75","2","2","91.75",339,339
"[SKU1215] [Beechline]Clover Honey (1000g)","2","11","609.48","2","11","609.48",340,340
"[SKU1323] [Piko Gifts]Souvenir Keyring","1","13","562.97","1","13","562.97",341,341
"[SKU1283] [Southern Craft]Wool Cushion Cover (45cm)","1","6","52.57","1","6","52.57",342,342
"[SKU1010] [Solwave]Propolis Extract 120s","1","2","85.94","1","2","85.94",343,343
"[SKU1125] [Clearfield]Immune Support Milk Powder (900g)","1","7","585.33","1","7","585.33",344,344
"[SKU1077] [Puriri Health]Lecithin 1500mg","1","4","92.01000000000001","1","4","92.01000000000001",345,345
"[SKU1278] [Southern Craft]Plush Kiwi Toy (25cm)","2","2","68.05","2","2","68.05",346,346
"[SKU1056] [Baycrest]Omega 3 Fish Oil 1000mg","2","8","219.76","2","8","219.76",347,347
"[SKU1224] [LANOLUX]Night Repair Serum (30ml)","1","6","110.74","1","6","110.74",348,348
"[SKU1176] [Westbrook]Immune Support Milk Powder (900g)","1","6","278.99","1","6","278.99",349,349
"[SKU1234] [Pounamu Skin]Propolis Toothpaste (100g)","2","15","372.03","2","15","372.03",350,350
"[SKU1256] [Cove & Clay]Lanolin Moisturising Cream (150ml)","1","2","50.74","1","2","50.74",351,351
"[SKU1064] [Baycrest]Eye Health Lutein 30s","1","3","136.45","1","3","136.45",352,352
"[SKU1082] [Tasman Vitality]Omega 3 Fish Oil 1500mg","2","6","235.46","2","6","235.46",353,353
"[SKU1009] [Solwave]Eye Health Lutein 60s","2","10","237.47","2","10","237.47",354,354
"[SKU1182] [Manuka Ridge]Clover Honey (500g)","1","7","507.55","1","7","507.55",355,355
"[SKU1252] [Cove & Clay]Facial Cleanser (150ml)","1","2","12.06","1","2","12.06",356,356
"[SKU1072] [Puriri Health]Calcium + Vitamin D 60s","1","3","78.97","1","3","78.97",357,357
"[SKU1111] [Riverstone Bio]CoQ10 200mg","2","5","185.93","2","5","185.93",358,358
"[SKU1231] [Pounamu Skin]Night Repair Serum (30ml)","2","4","29.84","2","4","29.84",359,359
"[SKU1311] [Harbour Wool]Sheepskin Slippers","1","9","343.05","1","9","343.05",360,360
"[SKU1190] [Manuka Ridge]Manuka Honey UMF 10+ (250g)","2","6","547.03","2","6","547.03",361,361
"[IFFSHIP01] [Freight]Free Shipping $0","1","2","0","1","2","0",362,362
"[SKU1232] [Pounamu Skin]Facial Cleanser (100ml)","1","13","131.68","1","13","131.68",363,363
"[SKU1033] [Northlight]Magnesium Complex 90s","2","10","470.17","2","10","470.17",364,364
"[SKU1338] [Cocoa Bay]Dark Chocolate Block 85% (180g)","2","16","192.5","2","16","192.5",365,365
"Total",,"2395","89312.44","542","2395","89312.44",366,366
"[SKU1009] [Solwave]Eye Health Lutein 60s","2","10","237.47","2","10","237.47",354,367
"[IFFSHIP02] [Freight]Extra Charge $1","2","6","28.74","2","6","28.74",285,368
"[SKU1294] [KIWIANA CO]Wool Throw Blanket","1","7","183.48","1","7","183.48",111,369
"[SKU1047] [Vireo Labs]Multivitamin Adult 120s","1","4","121.9","1","4","121.9",7,370
"[SKU1309] [Harbour Wool]Souvenir Keyring","1","4","29.11","1","4","29.11",214,371
"[IFFSHIP07] [Freight]Overseas $8","1","7","1534","1","7","1534",261,372
"[SKU1177] [Westbrook]Digestion Support Milk Powder (800g){15-Day Express}","1","1","102.04","1","1","102.04",316,373
